<?xml version="1.0" encoding="UTF-8"?>
<jdbc-data-source xmlns="http://xmlns.oracle.com/weblogic/jdbc-data-source">
  <name>stocksDS</name>
  <jdbc-driver-params>
    <url>jdbc:derby://localhost:1527/pranaydb</url>
    <driver-name>org.apache.derby.jdbc.ClientDriver</driver-name>
    <properties>
      <property>
        <name>user</name>
        <value>pranay</value>
      </property>
      <property>
        <name>password</name>
        <value>pranay</value>
      </property>
    </properties>
  </jdbc-driver-params>
  <jdbc-data-source-params>
    <jndi-name>stocksDS</jndi-name>
  </jdbc-data-source-params>
</jdbc-data-source>
