<?xml version="1.0" encoding="UTF-8"?><!--
        *** GENERATED FROM jax-ws.xml - DO NOT EDIT !                             ***
        *** TO MODIFY wsimport options USE Web Service node -> Edit WS Attributes ***
        *** TO CHANGE TARGETS GENERATED TO jaxws-build.xml COPY THOSE             ***
        *** TARGETS TO ../build.xml AND MODIFY THAT FILE INSTEAD                  ***

        --><project xmlns:j2seproject3="http://www.netbeans.org/ns/j2se-project/3" xmlns:xalan="http://xml.apache.org/xslt" xmlns:jaxws="http://www.netbeans.org/ns/jax-ws/1">
    <!--
                ===================
                JAX-WS WSIMPORT SECTION
                ===================
            -->
    <target name="wsimport-init" depends="init">
        <mkdir dir="${build.generated.sources.dir}/jax-ws"/>
        <taskdef name="wsimport" classname="com.sun.tools.ws.ant.WsImport">
            <classpath path="${libs.jaxws21.classpath}"/>
        </taskdef>
    </target>
    <target name="wsimport-client-Calculatorservice" depends="wsimport-init">
        <mkdir dir="${build.generated.dir}/jax-wsCache/Calculatorservice"/>
        <property name="wsdl-Calculatorservice" location="xml-resources/web-service-references/Calculatorservice/wsdl/localhost_7001/ws1/Calculatorservice.wsdl"/>
        <wsimport sourcedestdir="${build.generated.dir}/jax-wsCache/Calculatorservice" destdir="${build.generated.dir}/jax-wsCache/Calculatorservice" wsdl="${wsdl-Calculatorservice}" catalog="catalog.xml" encoding="${source.encoding}" extension="true" verbose="true" fork="false" wsdlLocation="http://localhost:7001/ws1/Calculatorservice?wsdl" xnocompile="true" xendorsed="true" package="com.client">
            <depends file="${wsdl-Calculatorservice}"/>
            <produces dir="${build.generated.dir}/jax-wsCache/Calculatorservice"/>
        </wsimport>
        <copy todir="${build.generated.sources.dir}/jax-ws">
            <fileset dir="${build.generated.dir}/jax-wsCache/Calculatorservice">
                <include name="**/*.java"/>
            </fileset>
        </copy>
    </target>
    <target name="wsimport-client-clean-Calculatorservice" depends="-init-project">
        <delete dir="${build.generated.dir}/jax-wsCache/Calculatorservice"/>
        <delete dir="${build.generated.sources.dir}/jax-ws/com/client"/>
    </target>
    <target name="wsimport-client-BookService" depends="wsimport-init">
        <mkdir dir="${build.generated.dir}/jax-wsCache/BookService"/>
        <property name="wsdl-BookService" location="xml-resources/web-service-references/BookService/wsdl/localhost_7001/ws1/BookService.wsdl"/>
        <wsimport sourcedestdir="${build.generated.dir}/jax-wsCache/BookService" destdir="${build.generated.dir}/jax-wsCache/BookService" wsdl="${wsdl-BookService}" catalog="catalog.xml" encoding="${source.encoding}" extension="true" verbose="true" fork="false" wsdlLocation="http://localhost:7001/ws1/BookService?wsdl" xnocompile="true" xendorsed="true" package="wsclient">
            <depends file="${wsdl-BookService}"/>
            <produces dir="${build.generated.dir}/jax-wsCache/BookService"/>
        </wsimport>
        <copy todir="${build.generated.sources.dir}/jax-ws">
            <fileset dir="${build.generated.dir}/jax-wsCache/BookService">
                <include name="**/*.java"/>
            </fileset>
        </copy>
    </target>
    <target name="wsimport-client-clean-BookService" depends="-init-project">
        <delete dir="${build.generated.dir}/jax-wsCache/BookService"/>
        <delete dir="${build.generated.sources.dir}/jax-ws/wsclient"/>
    </target>
    <target name="wsimport-client-BookService_1" depends="wsimport-init">
        <mkdir dir="${build.generated.dir}/jax-wsCache/BookService_1"/>
        <property name="wsdl-BookService_1" location="xml-resources/web-service-references/BookService_1/wsdl/localhost_7001/ws1/BookService.wsdl"/>
        <wsimport sourcedestdir="${build.generated.dir}/jax-wsCache/BookService_1" destdir="${build.generated.dir}/jax-wsCache/BookService_1" wsdl="${wsdl-BookService_1}" catalog="catalog.xml" encoding="${source.encoding}" extension="true" verbose="true" fork="false" wsdlLocation="http://localhost:7001/ws1/BookService?wsdl" xnocompile="true" xendorsed="true" package="wsclient">
            <depends file="${wsdl-BookService_1}"/>
            <produces dir="${build.generated.dir}/jax-wsCache/BookService_1"/>
        </wsimport>
        <copy todir="${build.generated.sources.dir}/jax-ws">
            <fileset dir="${build.generated.dir}/jax-wsCache/BookService_1">
                <include name="**/*.java"/>
            </fileset>
        </copy>
    </target>
    <target name="wsimport-client-clean-BookService_1" depends="-init-project">
        <delete dir="${build.generated.dir}/jax-wsCache/BookService_1"/>
        <delete dir="${build.generated.sources.dir}/jax-ws/wsclient"/>
    </target>
    <target name="wsimport-client-generate" depends="wsimport-client-Calculatorservice, wsimport-client-BookService, wsimport-client-BookService_1"/>
</project>
