<?xml version="1.0" encoding="UTF-8"?>
<project-private xmlns="http://www.netbeans.org/ns/project-private/1">
    <editor-bookmarks xmlns="http://www.netbeans.org/ns/editor-bookmarks/2" lastBookmarkId="0"/>
    <open-files xmlns="http://www.netbeans.org/ns/projectui-open-files/2">
        <group>
            <file>file:/home/oracle/NetBeansProjects/stockwebapp/src/java/com/stocks/helpers/StockDataProcessor.java</file>
            <file>file:/home/oracle/NetBeansProjects/stockwebapp/web/index.html</file>
            <file>file:/home/oracle/NetBeansProjects/stockwebapp/web/views/stockdetails.jsp</file>
            <file>file:/home/oracle/NetBeansProjects/stockwebapp/web/views/response.jsp</file>
            <file>file:/home/oracle/NetBeansProjects/stockwebapp/src/conf/persistence.xml</file>
            <file>file:/home/oracle/NetBeansProjects/stockwebapp/src/java/com/stocks/StockServlet.java</file>
        </group>
    </open-files>
</project-private>
